COUNTRY,Country,SERIES,Series,PERIOD,Pay period,TIME,Time,Unit Code,Unit,PowerCode Code,PowerCode,Reference Period Code,Reference Period,Value,Flag Codes,Flags
AUS,Australia,EXR,In 2017 constant prices at 2017 USD exchange rates,H,Hourly,2000,2000,USD,US Dollar,0,Units,,,12.404408,,
AUS,Australia,EXR,In 2017 constant prices at 2017 USD exchange rates,H,Hourly,2001,2001,USD,US Dollar,0,Units,,,12.292457,,
AUS,Australia,EXR,In 2017 constant prices at 2017 USD exchange rates,H,Hourly,2002,2002,USD,US Dollar,0,Units,,,12.412154,,
AUS,Australia,EXR,In 2017 constant prices at 2017 USD exchange rates,H,Hourly,2003,2003,USD,US Dollar,0,Units,,,12.573348,,
AUS,Australia,EXR,In 2017 constant prices at 2017 USD exchange rates,H,Hourly,2004,2004,USD,US Dollar,0,Units,,,12.796091,,
AUS,Australia,EXR,In 2017 constant prices at 2017 USD exchange rates,H,Hourly,2005,2005,USD,US Dollar,0,Units,,,12.898456,,
AUS,Australia,EXR,In 2017 constant prices at 2017 USD exchange rates,H,Hourly,2006,2006,USD,US Dollar,0,Units,,,12.703013,,
AUS,Australia,EXR,In 2017 constant prices at 2017 USD exchange rates,H,Hourly,2007,2007,USD,US Dollar,0,Units,,,13.121499,,
AUS,Australia,EXR,In 2017 constant prices at 2017 USD exchange rates,H,Hourly,2008,2008,USD,US Dollar,0,Units,,,12.890226,,
AUS,Australia,EXR,In 2017 constant prices at 2017 USD exchange rates,H,Hourly,2009,2009,USD,US Dollar,0,Units,,,13.058286,,
AUS,Australia,EXR,In 2017 constant prices at 2017 USD exchange rates,H,Hourly,2010,2010,USD,US Dollar,0,Units,,,12.998335,,
AUS,Australia,EXR,In 2017 constant prices at 2017 USD exchange rates,H,Hourly,2011,2011,USD,US Dollar,0,Units,,,13.097602,,
AUS,Australia,EXR,In 2017 constant prices at 2017 USD exchange rates,H,Hourly,2012,2012,USD,US Dollar,0,Units,,,13.275565,,
AUS,Australia,EXR,In 2017 constant prices at 2017 USD exchange rates,H,Hourly,2013,2013,USD,US Dollar,0,Units,,,13.312108,,
AUS,Australia,EXR,In 2017 constant prices at 2017 USD exchange rates,H,Hourly,2014,2014,USD,US Dollar,0,Units,,,13.350426,,
AUS,Australia,EXR,In 2017 constant prices at 2017 USD exchange rates,H,Hourly,2015,2015,USD,US Dollar,0,Units,,,13.516061,,
BEL,Belgium,EXR,In 2017 constant prices at 2017 USD exchange rates,H,Hourly,2000,2000,USD,US Dollar,0,Units,,,9.8721615,,
BEL,Belgium,EXR,In 2017 constant prices at 2017 USD exchange rates,H,Hourly,2001,2001,USD,US Dollar,0,Units,,,9.9261341,,
BEL,Belgium,EXR,In 2017 constant prices at 2017 USD exchange rates,H,Hourly,2002,2002,USD,US Dollar,0,Units,,,10.058668,,
BEL,Belgium,EXR,In 2017 constant prices at 2017 USD exchange rates,H,Hourly,2003,2003,USD,US Dollar,0,Units,,,10.000949,,
BEL,Belgium,EXR,In 2017 constant prices at 2017 USD exchange rates,H,Hourly,2004,2004,USD,US Dollar,0,Units,,,9.8922392,,
BEL,Belgium,EXR,In 2017 constant prices at 2017 USD exchange rates,H,Hourly,2005,2005,USD,US Dollar,0,Units,,,9.816819,,
BEL,Belgium,EXR,In 2017 constant prices at 2017 USD exchange rates,H,Hourly,2006,2006,USD,US Dollar,0,Units,,,9.835361,,
BEL,Belgium,EXR,In 2017 constant prices at 2017 USD exchange rates,H,Hourly,2007,2007,USD,US Dollar,0,Units,,,9.9488886,,
BEL,Belgium,EXR,In 2017 constant prices at 2017 USD exchange rates,H,Hourly,2008,2008,USD,US Dollar,0,Units,,,9.908729,,
BEL,Belgium,EXR,In 2017 constant prices at 2017 USD exchange rates,H,Hourly,2009,2009,USD,US Dollar,0,Units,,,10.399691,,
BEL,Belgium,EXR,In 2017 constant prices at 2017 USD exchange rates,H,Hourly,2010,2010,USD,US Dollar,0,Units,,,10.176889,,
BEL,Belgium,EXR,In 2017 constant prices at 2017 USD exchange rates,H,Hourly,2011,2011,USD,US Dollar,0,Units,,,10.126535,,
BEL,Belgium,EXR,In 2017 constant prices at 2017 USD exchange rates,H,Hourly,2012,2012,USD,US Dollar,0,Units,,,10.043936,,
BEL,Belgium,EXR,In 2017 constant prices at 2017 USD exchange rates,H,Hourly,2013,2013,USD,US Dollar,0,Units,,,10.231778,,
BEL,Belgium,EXR,In 2017 constant prices at 2017 USD exchange rates,H,Hourly,2014,2014,USD,US Dollar,0,Units,,,10.197108,,
BEL,Belgium,EXR,In 2017 constant prices at 2017 USD exchange rates,H,Hourly,2015,2015,USD,US Dollar,0,Units,,,10.140178,,
BRA,Brazil,EXR,In 2017 constant prices at 2017 USD exchange rates,H,Hourly,2000,2000,USD,US Dollar,0,Units,,,0.6992468,,
BRA,Brazil,EXR,In 2017 constant prices at 2017 USD exchange rates,H,Hourly,2001,2001,USD,US Dollar,0,Units,,,0.7678173,,
BRA,Brazil,EXR,In 2017 constant prices at 2017 USD exchange rates,H,Hourly,2002,2002,USD,US Dollar,0,Units,,,0.7991793,,
BRA,Brazil,EXR,In 2017 constant prices at 2017 USD exchange rates,H,Hourly,2003,2003,USD,US Dollar,0,Units,,,0.8217081,,
BRA,Brazil,EXR,In 2017 constant prices at 2017 USD exchange rates,H,Hourly,2004,2004,USD,US Dollar,0,Units,,,0.849056,,
BRA,Brazil,EXR,In 2017 constant prices at 2017 USD exchange rates,H,Hourly,2005,2005,USD,US Dollar,0,Units,,,0.8990157,,
BRA,Brazil,EXR,In 2017 constant prices at 2017 USD exchange rates,H,Hourly,2006,2006,USD,US Dollar,0,Units,,,1.015932,,
BRA,Brazil,EXR,In 2017 constant prices at 2017 USD exchange rates,H,Hourly,2007,2007,USD,US Dollar,0,Units,,,1.0818932,,
BRA,Brazil,EXR,In 2017 constant prices at 2017 USD exchange rates,H,Hourly,2008,2008,USD,US Dollar,0,Units,,,1.1245307,,
BRA,Brazil,EXR,In 2017 constant prices at 2017 USD exchange rates,H,Hourly,2009,2009,USD,US Dollar,0,Units,,,1.2075052,,
BRA,Brazil,EXR,In 2017 constant prices at 2017 USD exchange rates,H,Hourly,2010,2010,USD,US Dollar,0,Units,,,1.2722307,,
BRA,Brazil,EXR,In 2017 constant prices at 2017 USD exchange rates,H,Hourly,2011,2011,USD,US Dollar,0,Units,,,1.272982,,
BRA,Brazil,EXR,In 2017 constant prices at 2017 USD exchange rates,H,Hourly,2012,2012,USD,US Dollar,0,Units,,,1.3804652,,
BRA,Brazil,EXR,In 2017 constant prices at 2017 USD exchange rates,H,Hourly,2013,2013,USD,US Dollar,0,Units,,,1.4168456,,
BRA,Brazil,EXR,In 2017 constant prices at 2017 USD exchange rates,H,Hourly,2014,2014,USD,US Dollar,0,Units,,,1.4229153,,
BRA,Brazil,EXR,In 2017 constant prices at 2017 USD exchange rates,H,Hourly,2015,2015,USD,US Dollar,0,Units,,,1.4204353,,
GBR,Britain,EXR,In 2017 constant prices at 2017 USD exchange rates,H,Hourly,2000,2000,USD,US Dollar,0,Units,,,6.5476886,,
GBR,Britain,EXR,In 2017 constant prices at 2017 USD exchange rates,H,Hourly,2001,2001,USD,US Dollar,0,Units,,,6.7705037,,
GBR,Britain,EXR,In 2017 constant prices at 2017 USD exchange rates,H,Hourly,2002,2002,USD,US Dollar,0,Units,,,7.2687511,,
GBR,Britain,EXR,In 2017 constant prices at 2017 USD exchange rates,H,Hourly,2003,2003,USD,US Dollar,0,Units,,,7.4305174,,
GBR,Britain,EXR,In 2017 constant prices at 2017 USD exchange rates,H,Hourly,2004,2004,USD,US Dollar,0,Units,,,7.8628645,,
GBR,Britain,EXR,In 2017 constant prices at 2017 USD exchange rates,H,Hourly,2005,2005,USD,US Dollar,0,Units,,,8.2283477,,
GBR,Britain,EXR,In 2017 constant prices at 2017 USD exchange rates,H,Hourly,2006,2006,USD,US Dollar,0,Units,,,8.4029159,,
GBR,Britain,EXR,In 2017 constant prices at 2017 USD exchange rates,H,Hourly,2007,2007,USD,US Dollar,0,Units,,,8.6274176,,
GBR,Britain,EXR,In 2017 constant prices at 2017 USD exchange rates,H,Hourly,2008,2008,USD,US Dollar,0,Units,,,8.6155893,,
GBR,Britain,EXR,In 2017 constant prices at 2017 USD exchange rates,H,Hourly,2009,2009,USD,US Dollar,0,Units,,,8.7219989,,
GBR,Britain,EXR,In 2017 constant prices at 2017 USD exchange rates,H,Hourly,2010,2010,USD,US Dollar,0,Units,,,8.6274176,,
GBR,Britain,EXR,In 2017 constant prices at 2017 USD exchange rates,H,Hourly,2011,2011,USD,US Dollar,0,Units,,,8.5042406,,
GBR,Britain,EXR,In 2017 constant prices at 2017 USD exchange rates,H,Hourly,2012,2012,USD,US Dollar,0,Units,,,8.4860783,,
GBR,Britain,EXR,In 2017 constant prices at 2017 USD exchange rates,H,Hourly,2013,2013,USD,US Dollar,0,Units,,,8.445317,,
GBR,Britain,EXR,In 2017 constant prices at 2017 USD exchange rates,H,Hourly,2014,2014,USD,US Dollar,0,Units,,,8.5140233,,
GBR,Britain,EXR,In 2017 constant prices at 2017 USD exchange rates,H,Hourly,2015,2015,USD,US Dollar,0,Units,,,8.7332996,,
CAN,Canada,EXR,In 2017 constant prices at 2017 USD exchange rates,H,Hourly,2000,2000,USD,US Dollar,0,Units,,,7.0285451,,
CAN,Canada,EXR,In 2017 constant prices at 2017 USD exchange rates,H,Hourly,2001,2001,USD,US Dollar,0,Units,,,6.9479393,,
CAN,Canada,EXR,In 2017 constant prices at 2017 USD exchange rates,H,Hourly,2002,2002,USD,US Dollar,0,Units,,,6.874901,,
CAN,Canada,EXR,In 2017 constant prices at 2017 USD exchange rates,H,Hourly,2003,2003,USD,US Dollar,0,Units,,,6.7783745,,
CAN,Canada,EXR,In 2017 constant prices at 2017 USD exchange rates,H,Hourly,2004,2004,USD,US Dollar,0,Units,,,6.789218,,
CAN,Canada,EXR,In 2017 constant prices at 2017 USD exchange rates,H,Hourly,2005,2005,USD,US Dollar,0,Units,,,6.8488773,,
CAN,Canada,EXR,In 2017 constant prices at 2017 USD exchange rates,H,Hourly,2006,2006,USD,US Dollar,0,Units,,,6.9999777,,
CAN,Canada,EXR,In 2017 constant prices at 2017 USD exchange rates,H,Hourly,2007,2007,USD,US Dollar,0,Units,,,7.0698491,,
CAN,Canada,EXR,In 2017 constant prices at 2017 USD exchange rates,H,Hourly,2008,2008,USD,US Dollar,0,Units,,,7.355407,,
CAN,Canada,EXR,In 2017 constant prices at 2017 USD exchange rates,H,Hourly,2009,2009,USD,US Dollar,0,Units,,,7.7901394,,
CAN,Canada,EXR,In 2017 constant prices at 2017 USD exchange rates,H,Hourly,2010,2010,USD,US Dollar,0,Units,,,8.0683387,,
CAN,Canada,EXR,In 2017 constant prices at 2017 USD exchange rates,H,Hourly,2011,2011,USD,US Dollar,0,Units,,,8.0915782,,
CAN,Canada,EXR,In 2017 constant prices at 2017 USD exchange rates,H,Hourly,2012,2012,USD,US Dollar,0,Units,,,8.2433425,,
CAN,Canada,EXR,In 2017 constant prices at 2017 USD exchange rates,H,Hourly,2013,2013,USD,US Dollar,0,Units,,,8.2976441,,
CAN,Canada,EXR,In 2017 constant prices at 2017 USD exchange rates,H,Hourly,2014,2014,USD,US Dollar,0,Units,,,8.3511777,,
CAN,Canada,EXR,In 2017 constant prices at 2017 USD exchange rates,H,Hourly,2015,2015,USD,US Dollar,0,Units,,,8.48059,,
CHL,Chile,EXR,In 2017 constant prices at 2017 USD exchange rates,H,Hourly,2000,2000,USD,US Dollar,0,Units,,,1.2879709,,
CHL,Chile,EXR,In 2017 constant prices at 2017 USD exchange rates,H,Hourly,2001,2001,USD,US Dollar,0,Units,,,1.3363739,,
CHL,Chile,EXR,In 2017 constant prices at 2017 USD exchange rates,H,Hourly,2002,2002,USD,US Dollar,0,Units,,,1.3748787,,
CHL,Chile,EXR,In 2017 constant prices at 2017 USD exchange rates,H,Hourly,2003,2003,USD,US Dollar,0,Units,,,1.3938131,,
CHL,Chile,EXR,In 2017 constant prices at 2017 USD exchange rates,H,Hourly,2004,2004,USD,US Dollar,0,Units,,,1.4327706,,
CHL,Chile,EXR,In 2017 constant prices at 2017 USD exchange rates,H,Hourly,2005,2005,USD,US Dollar,0,Units,,,1.4602569,,
CHL,Chile,EXR,In 2017 constant prices at 2017 USD exchange rates,H,Hourly,2006,2006,USD,US Dollar,0,Units,,,1.4979467,,
CHL,Chile,EXR,In 2017 constant prices at 2017 USD exchange rates,H,Hourly,2007,2007,USD,US Dollar,0,Units,,,1.5248893,,
CHL,Chile,EXR,In 2017 constant prices at 2017 USD exchange rates,H,Hourly,2008,2008,USD,US Dollar,0,Units,,,1.5232886,,
CHL,Chile,EXR,In 2017 constant prices at 2017 USD exchange rates,H,Hourly,2009,2009,USD,US Dollar,0,Units,,,1.6231327,,
CHL,Chile,EXR,In 2017 constant prices at 2017 USD exchange rates,H,Hourly,2010,2010,USD,US Dollar,0,Units,,,1.6647716,,
CHL,Chile,EXR,In 2017 constant prices at 2017 USD exchange rates,H,Hourly,2011,2011,USD,US Dollar,0,Units,,,1.6922255,,
CHL,Chile,EXR,In 2017 constant prices at 2017 USD exchange rates,H,Hourly,2012,2012,USD,US Dollar,0,Units,,,1.7402896,,
CHL,Chile,EXR,In 2017 constant prices at 2017 USD exchange rates,H,Hourly,2013,2013,USD,US Dollar,0,Units,,,1.8348512,,
CHL,Chile,EXR,In 2017 constant prices at 2017 USD exchange rates,H,Hourly,2014,2014,USD,US Dollar,0,Units,,,1.8862629,,
CHL,Chile,EXR,In 2017 constant prices at 2017 USD exchange rates,H,Hourly,2015,2015,USD,US Dollar,0,Units,,,1.9372163,,
COL,Colombia,EXR,In 2017 constant prices at 2017 USD exchange rates,H,Hourly,2000,2000,USD,US Dollar,0,Units,,,0.9571704,,
COL,Colombia,EXR,In 2017 constant prices at 2017 USD exchange rates,H,Hourly,2001,2001,USD,US Dollar,0,Units,,,0.9748318,,
COL,Colombia,EXR,In 2017 constant prices at 2017 USD exchange rates,H,Hourly,2002,2002,USD,US Dollar,0,Units,,,0.9903267,,
COL,Colombia,EXR,In 2017 constant prices at 2017 USD exchange rates,H,Hourly,2003,2003,USD,US Dollar,0,Units,,,0.9932255,,
COL,Colombia,EXR,In 2017 constant prices at 2017 USD exchange rates,H,Hourly,2004,2004,USD,US Dollar,0,Units,,,1.0113008,,
COL,Colombia,EXR,In 2017 constant prices at 2017 USD exchange rates,H,Hourly,2005,2005,USD,US Dollar,0,Units,,,1.0258683,,
COL,Colombia,EXR,In 2017 constant prices at 2017 USD exchange rates,H,Hourly,2006,2006,USD,US Dollar,0,Units,,,1.0519626,,
COL,Colombia,EXR,In 2017 constant prices at 2017 USD exchange rates,H,Hourly,2007,2007,USD,US Dollar,0,Units,,,1.059484,,
COL,Colombia,EXR,In 2017 constant prices at 2017 USD exchange rates,H,Hourly,2008,2008,USD,US Dollar,0,Units,,,1.0536723,,
COL,Colombia,EXR,In 2017 constant prices at 2017 USD exchange rates,H,Hourly,2009,2009,USD,US Dollar,0,Units,,,1.0887412,,
COL,Colombia,EXR,In 2017 constant prices at 2017 USD exchange rates,H,Hourly,2010,2010,USD,US Dollar,0,Units,,,1.1033318,,
COL,Colombia,EXR,In 2017 constant prices at 2017 USD exchange rates,H,Hourly,2011,2011,USD,US Dollar,0,Units,,,1.1095728,,
COL,Colombia,EXR,In 2017 constant prices at 2017 USD exchange rates,H,Hourly,2012,2012,USD,US Dollar,0,Units,,,1.1379363,,
COL,Colombia,EXR,In 2017 constant prices at 2017 USD exchange rates,H,Hourly,2013,2013,USD,US Dollar,0,Units,,,1.1603153,,
COL,Colombia,EXR,In 2017 constant prices at 2017 USD exchange rates,H,Hourly,2014,2014,USD,US Dollar,0,Units,,,1.1783179,,
COL,Colombia,EXR,In 2017 constant prices at 2017 USD exchange rates,H,Hourly,2015,2015,USD,US Dollar,0,Units,,,1.1739683,,
CRI,Costa Rica,EXR,In 2017 constant prices at 2017 USD exchange rates,H,Hourly,2000,2000,USD,US Dollar,0,Units,,,1.7739808,,
CRI,Costa Rica,EXR,In 2017 constant prices at 2017 USD exchange rates,H,Hourly,2001,2001,USD,US Dollar,0,Units,,,1.8058809,,
CRI,Costa Rica,EXR,In 2017 constant prices at 2017 USD exchange rates,H,Hourly,2002,2002,USD,US Dollar,0,Units,,,1.7833454,,
CRI,Costa Rica,EXR,In 2017 constant prices at 2017 USD exchange rates,H,Hourly,2003,2003,USD,US Dollar,0,Units,,,1.7965194,,
CRI,Costa Rica,EXR,In 2017 constant prices at 2017 USD exchange rates,H,Hourly,2004,2004,USD,US Dollar,0,Units,,,1.7759157,,
CRI,Costa Rica,EXR,In 2017 constant prices at 2017 USD exchange rates,H,Hourly,2005,2005,USD,US Dollar,0,Units,,,1.7892263,,
CRI,Costa Rica,EXR,In 2017 constant prices at 2017 USD exchange rates,H,Hourly,2006,2006,USD,US Dollar,0,Units,,,1.8086215,,
CRI,Costa Rica,EXR,In 2017 constant prices at 2017 USD exchange rates,H,Hourly,2007,2007,USD,US Dollar,0,Units,,,1.8245433,,
CRI,Costa Rica,EXR,In 2017 constant prices at 2017 USD exchange rates,H,Hourly,2008,2008,USD,US Dollar,0,Units,,,1.8613414,,
CRI,Costa Rica,EXR,In 2017 constant prices at 2017 USD exchange rates,H,Hourly,2009,2009,USD,US Dollar,0,Units,,,1.8838528,,
CRI,Costa Rica,EXR,In 2017 constant prices at 2017 USD exchange rates,H,Hourly,2010,2010,USD,US Dollar,0,Units,,,1.9507334,,
CRI,Costa Rica,EXR,In 2017 constant prices at 2017 USD exchange rates,H,Hourly,2011,2011,USD,US Dollar,0,Units,,,1.9757278,,
CRI,Costa Rica,EXR,In 2017 constant prices at 2017 USD exchange rates,H,Hourly,2012,2012,USD,US Dollar,0,Units,,,2.0091875,,
CRI,Costa Rica,EXR,In 2017 constant prices at 2017 USD exchange rates,H,Hourly,2013,2013,USD,US Dollar,0,Units,,,2.0264942,,
CRI,Costa Rica,EXR,In 2017 constant prices at 2017 USD exchange rates,H,Hourly,2014,2014,USD,US Dollar,0,Units,,,2.0178416,,
CRI,Costa Rica,EXR,In 2017 constant prices at 2017 USD exchange rates,H,Hourly,2015,2015,USD,US Dollar,0,Units,,,2.1382014,,
CZE,Czech Republic,EXR,In 2017 constant prices at 2017 USD exchange rates,H,Hourly,2000,2000,USD,US Dollar,0,Units,,,1.4444328,,
CZE,Czech Republic,EXR,In 2017 constant prices at 2017 USD exchange rates,H,Hourly,2001,2001,USD,US Dollar,0,Units,,,1.7469417,,
CZE,Czech Republic,EXR,In 2017 constant prices at 2017 USD exchange rates,H,Hourly,2002,2002,USD,US Dollar,0,Units,,,1.9371799,,
CZE,Czech Republic,EXR,In 2017 constant prices at 2017 USD exchange rates,H,Hourly,2003,2003,USD,US Dollar,0,Units,,,2.106111,,
CZE,Czech Republic,EXR,In 2017 constant prices at 2017 USD exchange rates,H,Hourly,2004,2004,USD,US Dollar,0,Units,,,2.1995079,,
CZE,Czech Republic,EXR,In 2017 constant prices at 2017 USD exchange rates,H,Hourly,2005,2005,USD,US Dollar,0,Units,,,2.3175439,,
CZE,Czech Republic,EXR,In 2017 constant prices at 2017 USD exchange rates,H,Hourly,2006,2006,USD,US Dollar,0,Units,,,2.4676818,,
CZE,Czech Republic,EXR,In 2017 constant prices at 2017 USD exchange rates,H,Hourly,2007,2007,USD,US Dollar,0,Units,,,2.4871316,,
CZE,Czech Republic,EXR,In 2017 constant prices at 2017 USD exchange rates,H,Hourly,2008,2008,USD,US Dollar,0,Units,,,2.3384382,,
CZE,Czech Republic,EXR,In 2017 constant prices at 2017 USD exchange rates,H,Hourly,2009,2009,USD,US Dollar,0,Units,,,2.3148412,,
CZE,Czech Republic,EXR,In 2017 constant prices at 2017 USD exchange rates,H,Hourly,2010,2010,USD,US Dollar,0,Units,,,2.2812447,,
CZE,Czech Republic,EXR,In 2017 constant prices at 2017 USD exchange rates,H,Hourly,2011,2011,USD,US Dollar,0,Units,,,2.238331,,
CZE,Czech Republic,EXR,In 2017 constant prices at 2017 USD exchange rates,H,Hourly,2012,2012,USD,US Dollar,0,Units,,,2.1670854,,
CZE,Czech Republic,EXR,In 2017 constant prices at 2017 USD exchange rates,H,Hourly,2013,2013,USD,US Dollar,0,Units,,,2.1807731,,
CZE,Czech Republic,EXR,In 2017 constant prices at 2017 USD exchange rates,H,Hourly,2014,2014,USD,US Dollar,0,Units,,,2.2396912,,
CZE,Czech Republic,EXR,In 2017 constant prices at 2017 USD exchange rates,H,Hourly,2015,2015,USD,US Dollar,0,Units,,,2.4269389,,
EST,Estonia,EXR,In 2017 constant prices at 2017 USD exchange rates,H,Hourly,2000,2000,USD,US Dollar,0,Units,,,1.0079721,,
EST,Estonia,EXR,In 2017 constant prices at 2017 USD exchange rates,H,Hourly,2001,2001,USD,US Dollar,0,Units,,,1.0893188,,
EST,Estonia,EXR,In 2017 constant prices at 2017 USD exchange rates,H,Hourly,2002,2002,USD,US Dollar,0,Units,,,1.2161066,,
EST,Estonia,EXR,In 2017 constant prices at 2017 USD exchange rates,H,Hourly,2003,2003,USD,US Dollar,0,Units,,,1.4011486,,
EST,Estonia,EXR,In 2017 constant prices at 2017 USD exchange rates,H,Hourly,2004,2004,USD,US Dollar,0,Units,,,1.5611226,,
EST,Estonia,EXR,In 2017 constant prices at 2017 USD exchange rates,H,Hourly,2005,2005,USD,US Dollar,0,Units,,,1.626927,,
EST,Estonia,EXR,In 2017 constant prices at 2017 USD exchange rates,H,Hourly,2006,2006,USD,US Dollar,0,Units,,,1.7372998,,
EST,Estonia,EXR,In 2017 constant prices at 2017 USD exchange rates,H,Hourly,2007,2007,USD,US Dollar,0,Units,,,1.9556942,,
EST,Estonia,EXR,In 2017 constant prices at 2017 USD exchange rates,H,Hourly,2008,2008,USD,US Dollar,0,Units,,,2.1412982,,
EST,Estonia,EXR,In 2017 constant prices at 2017 USD exchange rates,H,Hourly,2009,2009,USD,US Dollar,0,Units,,,2.1429785,,
EST,Estonia,EXR,In 2017 constant prices at 2017 USD exchange rates,H,Hourly,2010,2010,USD,US Dollar,0,Units,,,2.0811265,,
EST,Estonia,EXR,In 2017 constant prices at 2017 USD exchange rates,H,Hourly,2011,2011,USD,US Dollar,0,Units,,,1.9823669,,
EST,Estonia,EXR,In 2017 constant prices at 2017 USD exchange rates,H,Hourly,2012,2012,USD,US Dollar,0,Units,,,1.9897375,,
EST,Estonia,EXR,In 2017 constant prices at 2017 USD exchange rates,H,Hourly,2013,2013,USD,US Dollar,0,Units,,,2.1360204,,
EST,Estonia,EXR,In 2017 constant prices at 2017 USD exchange rates,H,Hourly,2014,2014,USD,US Dollar,0,Units,,,2.3722927,,
EST,Estonia,EXR,In 2017 constant prices at 2017 USD exchange rates,H,Hourly,2015,2015,USD,US Dollar,0,Units,,,2.6187866,,
FRA,France,EXR,In 2017 constant prices at 2017 USD exchange rates,H,Hourly,2000,2000,USD,US Dollar,0,Units,,,9.0044698,,
FRA,France,EXR,In 2017 constant prices at 2017 USD exchange rates,H,Hourly,2001,2001,USD,US Dollar,0,Units,,,9.1825686,,
FRA,France,EXR,In 2017 constant prices at 2017 USD exchange rates,H,Hourly,2002,2002,USD,US Dollar,0,Units,,,9.2985718,,
FRA,France,EXR,In 2017 constant prices at 2017 USD exchange rates,H,Hourly,2003,2003,USD,US Dollar,0,Units,,,9.4582601,,
FRA,France,EXR,In 2017 constant prices at 2017 USD exchange rates,H,Hourly,2004,2004,USD,US Dollar,0,Units,,,9.7750776,,
FRA,France,EXR,In 2017 constant prices at 2017 USD exchange rates,H,Hourly,2005,2005,USD,US Dollar,0,Units,,,10.152627,,
FRA,France,EXR,In 2017 constant prices at 2017 USD exchange rates,H,Hourly,2006,2006,USD,US Dollar,0,Units,,,10.406737,,
FRA,France,EXR,In 2017 constant prices at 2017 USD exchange rates,H,Hourly,2007,2007,USD,US Dollar,0,Units,,,10.518373,,
FRA,France,EXR,In 2017 constant prices at 2017 USD exchange rates,H,Hourly,2008,2008,USD,US Dollar,0,Units,,,10.536539,,
FRA,France,EXR,In 2017 constant prices at 2017 USD exchange rates,H,Hourly,2009,2009,USD,US Dollar,0,Units,,,10.722945,,
FRA,France,EXR,In 2017 constant prices at 2017 USD exchange rates,H,Hourly,2010,2010,USD,US Dollar,0,Units,,,10.645537,,
FRA,France,EXR,In 2017 constant prices at 2017 USD exchange rates,H,Hourly,2011,2011,USD,US Dollar,0,Units,,,10.637676,,
FRA,France,EXR,In 2017 constant prices at 2017 USD exchange rates,H,Hourly,2012,2012,USD,US Dollar,0,Units,,,10.769234,,
FRA,France,EXR,In 2017 constant prices at 2017 USD exchange rates,H,Hourly,2013,2013,USD,US Dollar,0,Units,,,10.814635,,
FRA,France,EXR,In 2017 constant prices at 2017 USD exchange rates,H,Hourly,2014,2014,USD,US Dollar,0,Units,,,10.874104,,
FRA,France,EXR,In 2017 constant prices at 2017 USD exchange rates,H,Hourly,2015,2015,USD,US Dollar,0,Units,,,10.961275,,
DEU,Germany,EXR,In 2017 constant prices at 2017 USD exchange rates,H,Hourly,2015,2015,USD,US Dollar,0,Units,,,9.7921472,,
GRC,Greece,EXR,In 2017 constant prices at 2017 USD exchange rates,H,Hourly,2000,2000,USD,US Dollar,0,Units,,,4.0142429,,
GRC,Greece,EXR,In 2017 constant prices at 2017 USD exchange rates,H,Hourly,2001,2001,USD,US Dollar,0,Units,,,4.0129193,,
GRC,Greece,EXR,In 2017 constant prices at 2017 USD exchange rates,H,Hourly,2002,2002,USD,US Dollar,0,Units,,,4.0785108,,
GRC,Greece,EXR,In 2017 constant prices at 2017 USD exchange rates,H,Hourly,2003,2003,USD,US Dollar,0,Units,,,4.1403057,,
GRC,Greece,EXR,In 2017 constant prices at 2017 USD exchange rates,H,Hourly,2004,2004,USD,US Dollar,0,Units,,,4.2292545,,
GRC,Greece,EXR,In 2017 constant prices at 2017 USD exchange rates,H,Hourly,2005,2005,USD,US Dollar,0,Units,,,4.3113718,,
GRC,Greece,EXR,In 2017 constant prices at 2017 USD exchange rates,H,Hourly,2006,2006,USD,US Dollar,0,Units,,,4.4365404,,
GRC,Greece,EXR,In 2017 constant prices at 2017 USD exchange rates,H,Hourly,2007,2007,USD,US Dollar,0,Units,,,4.5427009,,
GRC,Greece,EXR,In 2017 constant prices at 2017 USD exchange rates,H,Hourly,2008,2008,USD,US Dollar,0,Units,,,4.6331348,,
GRC,Greece,EXR,In 2017 constant prices at 2017 USD exchange rates,H,Hourly,2009,2009,USD,US Dollar,0,Units,,,4.8400926,,
GRC,Greece,EXR,In 2017 constant prices at 2017 USD exchange rates,H,Hourly,2010,2010,USD,US Dollar,0,Units,,,4.7033889,,
GRC,Greece,EXR,In 2017 constant prices at 2017 USD exchange rates,H,Hourly,2011,2011,USD,US Dollar,0,Units,,,4.5890163,,
GRC,Greece,EXR,In 2017 constant prices at 2017 USD exchange rates,H,Hourly,2012,2012,USD,US Dollar,0,Units,,,3.6741821,,
GRC,Greece,EXR,In 2017 constant prices at 2017 USD exchange rates,H,Hourly,2013,2013,USD,US Dollar,0,Units,,,3.5864564,,
GRC,Greece,EXR,In 2017 constant prices at 2017 USD exchange rates,H,Hourly,2014,2014,USD,US Dollar,0,Units,,,3.6341071,,
GRC,Greece,EXR,In 2017 constant prices at 2017 USD exchange rates,H,Hourly,2015,2015,USD,US Dollar,0,Units,,,3.6983115,,
HUN,Hungary,EXR,In 2017 constant prices at 2017 USD exchange rates,H,Hourly,2000,2000,USD,US Dollar,0,Units,,,1.0613914,,
HUN,Hungary,EXR,In 2017 constant prices at 2017 USD exchange rates,H,Hourly,2001,2001,USD,US Dollar,0,Units,,,1.5260934,,
HUN,Hungary,EXR,In 2017 constant prices at 2017 USD exchange rates,H,Hourly,2002,2002,USD,US Dollar,0,Units,,,1.8123534,,
HUN,Hungary,EXR,In 2017 constant prices at 2017 USD exchange rates,H,Hourly,2003,2003,USD,US Dollar,0,Units,,,1.7316413,,
HUN,Hungary,EXR,In 2017 constant prices at 2017 USD exchange rates,H,Hourly,2004,2004,USD,US Dollar,0,Units,,,1.7193753,,
HUN,Hungary,EXR,In 2017 constant prices at 2017 USD exchange rates,H,Hourly,2005,2005,USD,US Dollar,0,Units,,,1.7854958,,
HUN,Hungary,EXR,In 2017 constant prices at 2017 USD exchange rates,H,Hourly,2006,2006,USD,US Dollar,0,Units,,,1.8838759,,
HUN,Hungary,EXR,In 2017 constant prices at 2017 USD exchange rates,H,Hourly,2007,2007,USD,US Dollar,0,Units,,,1.8285975,,
HUN,Hungary,EXR,In 2017 constant prices at 2017 USD exchange rates,H,Hourly,2008,2008,USD,US Dollar,0,Units,,,1.8169091,,
HUN,Hungary,EXR,In 2017 constant prices at 2017 USD exchange rates,H,Hourly,2009,2009,USD,US Dollar,0,Units,,,1.8064487,,
HUN,Hungary,EXR,In 2017 constant prices at 2017 USD exchange rates,H,Hourly,2010,2010,USD,US Dollar,0,Units,,,1.7711741,,
HUN,Hungary,EXR,In 2017 constant prices at 2017 USD exchange rates,H,Hourly,2011,2011,USD,US Dollar,0,Units,,,1.808531,,
HUN,Hungary,EXR,In 2017 constant prices at 2017 USD exchange rates,H,Hourly,2012,2012,USD,US Dollar,0,Units,,,2.0406894,,
HUN,Hungary,EXR,In 2017 constant prices at 2017 USD exchange rates,H,Hourly,2013,2013,USD,US Dollar,0,Units,,,2.1138163,,
HUN,Hungary,EXR,In 2017 constant prices at 2017 USD exchange rates,H,Hourly,2014,2014,USD,US Dollar,0,Units,,,2.194223,,
HUN,Hungary,EXR,In 2017 constant prices at 2017 USD exchange rates,H,Hourly,2015,2015,USD,US Dollar,0,Units,,,2.2614737,,
IRL,Ireland,EXR,In 2017 constant prices at 2017 USD exchange rates,H,Hourly,2000,2000,USD,US Dollar,0,Units,,,8.4473433,,
IRL,Ireland,EXR,In 2017 constant prices at 2017 USD exchange rates,H,Hourly,2001,2001,USD,US Dollar,0,Units,,,8.3286168,,
IRL,Ireland,EXR,In 2017 constant prices at 2017 USD exchange rates,H,Hourly,2002,2002,USD,US Dollar,0,Units,,,8.3606661,,
IRL,Ireland,EXR,In 2017 constant prices at 2017 USD exchange rates,H,Hourly,2003,2003,USD,US Dollar,0,Units,,,8.451338,,
IRL,Ireland,EXR,In 2017 constant prices at 2017 USD exchange rates,H,Hourly,2004,2004,USD,US Dollar,0,Units,,,9.0508056,,
IRL,Ireland,EXR,In 2017 constant prices at 2017 USD exchange rates,H,Hourly,2005,2005,USD,US Dollar,0,Units,,,9.4463792,,
IRL,Ireland,EXR,In 2017 constant prices at 2017 USD exchange rates,H,Hourly,2006,2006,USD,US Dollar,0,Units,,,9.3581547,,
IRL,Ireland,EXR,In 2017 constant prices at 2017 USD exchange rates,H,Hourly,2007,2007,USD,US Dollar,0,Units,,,9.8891984,,
IRL,Ireland,EXR,In 2017 constant prices at 2017 USD exchange rates,H,Hourly,2008,2008,USD,US Dollar,0,Units,,,9.693849,,
IRL,Ireland,EXR,In 2017 constant prices at 2017 USD exchange rates,H,Hourly,2009,2009,USD,US Dollar,0,Units,,,10.1483,,
IRL,Ireland,EXR,In 2017 constant prices at 2017 USD exchange rates,H,Hourly,2010,2010,USD,US Dollar,0,Units,,,10.242748,,
IRL,Ireland,EXR,In 2017 constant prices at 2017 USD exchange rates,H,Hourly,2011,2011,USD,US Dollar,0,Units,,,9.9873529,,
IRL,Ireland,EXR,In 2017 constant prices at 2017 USD exchange rates,H,Hourly,2012,2012,USD,US Dollar,0,Units,,,9.820772,,
IRL,Ireland,EXR,In 2017 constant prices at 2017 USD exchange rates,H,Hourly,2013,2013,USD,US Dollar,0,Units,,,9.7710652,,
IRL,Ireland,EXR,In 2017 constant prices at 2017 USD exchange rates,H,Hourly,2014,2014,USD,US Dollar,0,Units,,,9.7532614,,
IRL,Ireland,EXR,In 2017 constant prices at 2017 USD exchange rates,H,Hourly,2015,2015,USD,US Dollar,0,Units,,,9.7816162,,
ISR,Israel,EXR,In 2017 constant prices at 2017 USD exchange rates,H,Hourly,2000,2000,USD,US Dollar,0,Units,,,5.7462238,,
ISR,Israel,EXR,In 2017 constant prices at 2017 USD exchange rates,H,Hourly,2001,2001,USD,US Dollar,0,Units,,,6.2043476,,
ISR,Israel,EXR,In 2017 constant prices at 2017 USD exchange rates,H,Hourly,2002,2002,USD,US Dollar,0,Units,,,6.0073091,,
ISR,Israel,EXR,In 2017 constant prices at 2017 USD exchange rates,H,Hourly,2003,2003,USD,US Dollar,0,Units,,,6.0902401,,
ISR,Israel,EXR,In 2017 constant prices at 2017 USD exchange rates,H,Hourly,2004,2004,USD,US Dollar,0,Units,,,6.1155402,,
ISR,Israel,EXR,In 2017 constant prices at 2017 USD exchange rates,H,Hourly,2005,2005,USD,US Dollar,0,Units,,,6.0353101,,
ISR,Israel,EXR,In 2017 constant prices at 2017 USD exchange rates,H,Hourly,2006,2006,USD,US Dollar,0,Units,,,6.2074474,,
ISR,Israel,EXR,In 2017 constant prices at 2017 USD exchange rates,H,Hourly,2007,2007,USD,US Dollar,0,Units,,,6.488719,,
ISR,Israel,EXR,In 2017 constant prices at 2017 USD exchange rates,H,Hourly,2008,2008,USD,US Dollar,0,Units,,,6.3762151,,
ISR,Israel,EXR,In 2017 constant prices at 2017 USD exchange rates,H,Hourly,2009,2009,USD,US Dollar,0,Units,,,6.2833393,,
ISR,Israel,EXR,In 2017 constant prices at 2017 USD exchange rates,H,Hourly,2010,2010,USD,US Dollar,0,Units,,,6.1185206,,
ISR,Israel,EXR,In 2017 constant prices at 2017 USD exchange rates,H,Hourly,2011,2011,USD,US Dollar,0,Units,,,6.1225562,,
ISR,Israel,EXR,In 2017 constant prices at 2017 USD exchange rates,H,Hourly,2012,2012,USD,US Dollar,0,Units,,,6.2669571,,
ISR,Israel,EXR,In 2017 constant prices at 2017 USD exchange rates,H,Hourly,2013,2013,USD,US Dollar,0,Units,,,6.3953608,,
ISR,Israel,EXR,In 2017 constant prices at 2017 USD exchange rates,H,Hourly,2014,2014,USD,US Dollar,0,Units,,,6.3650659,,
ISR,Israel,EXR,In 2017 constant prices at 2017 USD exchange rates,H,Hourly,2015,2015,USD,US Dollar,0,Units,,,6.7940109,,
JPN,Japan,EXR,In 2017 constant prices at 2017 USD exchange rates,H,Hourly,2000,2000,USD,US Dollar,0,Units,,,5.9159636,,
JPN,Japan,EXR,In 2017 constant prices at 2017 USD exchange rates,H,Hourly,2001,2001,USD,US Dollar,0,Units,,,6.0032768,,
JPN,Japan,EXR,In 2017 constant prices at 2017 USD exchange rates,H,Hourly,2002,2002,USD,US Dollar,0,Units,,,6.0890706,,
JPN,Japan,EXR,In 2017 constant prices at 2017 USD exchange rates,H,Hourly,2003,2003,USD,US Dollar,0,Units,,,6.1139361,,
JPN,Japan,EXR,In 2017 constant prices at 2017 USD exchange rates,H,Hourly,2004,2004,USD,US Dollar,0,Units,,,6.1282679,,
JPN,Japan,EXR,In 2017 constant prices at 2017 USD exchange rates,H,Hourly,2005,2005,USD,US Dollar,0,Units,,,6.1779659,,
JPN,Japan,EXR,In 2017 constant prices at 2017 USD exchange rates,H,Hourly,2006,2006,USD,US Dollar,0,Units,,,6.2293587,,
JPN,Japan,EXR,In 2017 constant prices at 2017 USD exchange rates,H,Hourly,2007,2007,USD,US Dollar,0,Units,,,6.3590599,,
JPN,Japan,EXR,In 2017 constant prices at 2017 USD exchange rates,H,Hourly,2008,2008,USD,US Dollar,0,Units,,,6.4041171,,
JPN,Japan,EXR,In 2017 constant prices at 2017 USD exchange rates,H,Hourly,2009,2009,USD,US Dollar,0,Units,,,6.6000648,,
JPN,Japan,EXR,In 2017 constant prices at 2017 USD exchange rates,H,Hourly,2010,2010,USD,US Dollar,0,Units,,,6.7823237,,
JPN,Japan,EXR,In 2017 constant prices at 2017 USD exchange rates,H,Hourly,2011,2011,USD,US Dollar,0,Units,,,6.8771957,,
JPN,Japan,EXR,In 2017 constant prices at 2017 USD exchange rates,H,Hourly,2012,2012,USD,US Dollar,0,Units,,,6.9993233,,
JPN,Japan,EXR,In 2017 constant prices at 2017 USD exchange rates,H,Hourly,2013,2013,USD,US Dollar,0,Units,,,7.1164686,,
JPN,Japan,EXR,In 2017 constant prices at 2017 USD exchange rates,H,Hourly,2014,2014,USD,US Dollar,0,Units,,,7.0739814,,
JPN,Japan,EXR,In 2017 constant prices at 2017 USD exchange rates,H,Hourly,2015,2015,USD,US Dollar,0,Units,,,7.1952629,,
LVA,Latvia,EXR,In 2017 constant prices at 2017 USD exchange rates,H,Hourly,2000,2000,USD,US Dollar,0,Units,,,0.6406559,,
LVA,Latvia,EXR,In 2017 constant prices at 2017 USD exchange rates,H,Hourly,2001,2001,USD,US Dollar,0,Units,,,0.686436,,
LVA,Latvia,EXR,In 2017 constant prices at 2017 USD exchange rates,H,Hourly,2002,2002,USD,US Dollar,0,Units,,,0.7336233,,
LVA,Latvia,EXR,In 2017 constant prices at 2017 USD exchange rates,H,Hourly,2003,2003,USD,US Dollar,0,Units,,,0.8387018,,
LVA,Latvia,EXR,In 2017 constant prices at 2017 USD exchange rates,H,Hourly,2004,2004,USD,US Dollar,0,Units,,,0.9376473,,
LVA,Latvia,EXR,In 2017 constant prices at 2017 USD exchange rates,H,Hourly,2005,2005,USD,US Dollar,0,Units,,,0.9148877,,
LVA,Latvia,EXR,In 2017 constant prices at 2017 USD exchange rates,H,Hourly,2006,2006,USD,US Dollar,0,Units,,,1.0025184,,
LVA,Latvia,EXR,In 2017 constant prices at 2017 USD exchange rates,H,Hourly,2007,2007,USD,US Dollar,0,Units,,,1.3064795,,
LVA,Latvia,EXR,In 2017 constant prices at 2017 USD exchange rates,H,Hourly,2008,2008,USD,US Dollar,0,Units,,,1.6846624,,
LVA,Latvia,EXR,In 2017 constant prices at 2017 USD exchange rates,H,Hourly,2009,2009,USD,US Dollar,0,Units,,,1.8882955,,
LVA,Latvia,EXR,In 2017 constant prices at 2017 USD exchange rates,H,Hourly,2010,2010,USD,US Dollar,0,Units,,,1.8463162,,
LVA,Latvia,EXR,In 2017 constant prices at 2017 USD exchange rates,H,Hourly,2011,2011,USD,US Dollar,0,Units,,,1.9838013,,
LVA,Latvia,EXR,In 2017 constant prices at 2017 USD exchange rates,H,Hourly,2012,2012,USD,US Dollar,0,Units,,,1.932346,,
LVA,Latvia,EXR,In 2017 constant prices at 2017 USD exchange rates,H,Hourly,2013,2013,USD,US Dollar,0,Units,,,1.8994094,,
LVA,Latvia,EXR,In 2017 constant prices at 2017 USD exchange rates,H,Hourly,2014,2014,USD,US Dollar,0,Units,,,2.1268117,,
LVA,Latvia,EXR,In 2017 constant prices at 2017 USD exchange rates,H,Hourly,2015,2015,USD,US Dollar,0,Units,,,2.3813579,,
LTU,Lithuania,EXR,In 2017 constant prices at 2017 USD exchange rates,H,Hourly,2000,2000,USD,US Dollar,0,Units,,,1.2220275,,
LTU,Lithuania,EXR,In 2017 constant prices at 2017 USD exchange rates,H,Hourly,2001,2001,USD,US Dollar,0,Units,,,1.2055462,,
LTU,Lithuania,EXR,In 2017 constant prices at 2017 USD exchange rates,H,Hourly,2002,2002,USD,US Dollar,0,Units,,,1.2021621,,
LTU,Lithuania,EXR,In 2017 constant prices at 2017 USD exchange rates,H,Hourly,2003,2003,USD,US Dollar,0,Units,,,1.2354881,,
LTU,Lithuania,EXR,In 2017 constant prices at 2017 USD exchange rates,H,Hourly,2004,2004,USD,US Dollar,0,Units,,,1.3516046,,
LTU,Lithuania,EXR,In 2017 constant prices at 2017 USD exchange rates,H,Hourly,2005,2005,USD,US Dollar,0,Units,,,1.430395,,
LTU,Lithuania,EXR,In 2017 constant prices at 2017 USD exchange rates,H,Hourly,2006,2006,USD,US Dollar,0,Units,,,1.5093795,,
LTU,Lithuania,EXR,In 2017 constant prices at 2017 USD exchange rates,H,Hourly,2007,2007,USD,US Dollar,0,Units,,,1.614384,,
LTU,Lithuania,EXR,In 2017 constant prices at 2017 USD exchange rates,H,Hourly,2008,2008,USD,US Dollar,0,Units,,,1.7908106,,
LTU,Lithuania,EXR,In 2017 constant prices at 2017 USD exchange rates,H,Hourly,2009,2009,USD,US Dollar,0,Units,,,1.7144647,,
LTU,Lithuania,EXR,In 2017 constant prices at 2017 USD exchange rates,H,Hourly,2010,2010,USD,US Dollar,0,Units,,,1.6921417,,
LTU,Lithuania,EXR,In 2017 constant prices at 2017 USD exchange rates,H,Hourly,2011,2011,USD,US Dollar,0,Units,,,1.6250238,,
LTU,Lithuania,EXR,In 2017 constant prices at 2017 USD exchange rates,H,Hourly,2012,2012,USD,US Dollar,0,Units,,,1.6171355,,
LTU,Lithuania,EXR,In 2017 constant prices at 2017 USD exchange rates,H,Hourly,2013,2013,USD,US Dollar,0,Units,,,1.949801,,
LTU,Lithuania,EXR,In 2017 constant prices at 2017 USD exchange rates,H,Hourly,2014,2014,USD,US Dollar,0,Units,,,1.965267,,
LTU,Lithuania,EXR,In 2017 constant prices at 2017 USD exchange rates,H,Hourly,2015,2015,USD,US Dollar,0,Units,,,2.0357257,,
LUX,Luxembourg,EXR,In 2017 constant prices at 2017 USD exchange rates,H,Hourly,2000,2000,USD,US Dollar,0,Units,,,10.947009,,
LUX,Luxembourg,EXR,In 2017 constant prices at 2017 USD exchange rates,H,Hourly,2001,2001,USD,US Dollar,0,Units,,,11.335131,,
LUX,Luxembourg,EXR,In 2017 constant prices at 2017 USD exchange rates,H,Hourly,2002,2002,USD,US Dollar,0,Units,,,11.299366,,
LUX,Luxembourg,EXR,In 2017 constant prices at 2017 USD exchange rates,H,Hourly,2003,2003,USD,US Dollar,0,Units,,,11.717678,,
LUX,Luxembourg,EXR,In 2017 constant prices at 2017 USD exchange rates,H,Hourly,2004,2004,USD,US Dollar,0,Units,,,11.706442,,
LUX,Luxembourg,EXR,In 2017 constant prices at 2017 USD exchange rates,H,Hourly,2005,2005,USD,US Dollar,0,Units,,,11.940213,,
LUX,Luxembourg,EXR,In 2017 constant prices at 2017 USD exchange rates,H,Hourly,2006,2006,USD,US Dollar,0,Units,,,11.875536,,
LUX,Luxembourg,EXR,In 2017 constant prices at 2017 USD exchange rates,H,Hourly,2007,2007,USD,US Dollar,0,Units,,,12.100196,,
LUX,Luxembourg,EXR,In 2017 constant prices at 2017 USD exchange rates,H,Hourly,2008,2008,USD,US Dollar,0,Units,,,11.934085,,
LUX,Luxembourg,EXR,In 2017 constant prices at 2017 USD exchange rates,H,Hourly,2009,2009,USD,US Dollar,0,Units,,,12.442466,,
LUX,Luxembourg,EXR,In 2017 constant prices at 2017 USD exchange rates,H,Hourly,2010,2010,USD,US Dollar,0,Units,,,12.366734,,
LUX,Luxembourg,EXR,In 2017 constant prices at 2017 USD exchange rates,H,Hourly,2011,2011,USD,US Dollar,0,Units,,,12.335226,,
LUX,Luxembourg,EXR,In 2017 constant prices at 2017 USD exchange rates,H,Hourly,2012,2012,USD,US Dollar,0,Units,,,12.239973,,
LUX,Luxembourg,EXR,In 2017 constant prices at 2017 USD exchange rates,H,Hourly,2013,2013,USD,US Dollar,0,Units,,,12.228961,,
LUX,Luxembourg,EXR,In 2017 constant prices at 2017 USD exchange rates,H,Hourly,2014,2014,USD,US Dollar,0,Units,,,12.753274,,
LUX,Luxembourg,EXR,In 2017 constant prices at 2017 USD exchange rates,H,Hourly,2015,2015,USD,US Dollar,0,Units,,,12.784994,,
MEX,Mexico,EXR,In 2017 constant prices at 2017 USD exchange rates,H,Hourly,2000,2000,USD,US Dollar,0,Units,,,0.4769862,,
MEX,Mexico,EXR,In 2017 constant prices at 2017 USD exchange rates,H,Hourly,2001,2001,USD,US Dollar,0,Units,,,0.4797142,,
MEX,Mexico,EXR,In 2017 constant prices at 2017 USD exchange rates,H,Hourly,2002,2002,USD,US Dollar,0,Units,,,0.4831176,,
MEX,Mexico,EXR,In 2017 constant prices at 2017 USD exchange rates,H,Hourly,2003,2003,USD,US Dollar,0,Units,,,0.4829207,,
MEX,Mexico,EXR,In 2017 constant prices at 2017 USD exchange rates,H,Hourly,2004,2004,USD,US Dollar,0,Units,,,0.4809203,,
MEX,Mexico,EXR,In 2017 constant prices at 2017 USD exchange rates,H,Hourly,2005,2005,USD,US Dollar,0,Units,,,0.4832412,,
MEX,Mexico,EXR,In 2017 constant prices at 2017 USD exchange rates,H,Hourly,2006,2006,USD,US Dollar,0,Units,,,0.4849625,,
MEX,Mexico,EXR,In 2017 constant prices at 2017 USD exchange rates,H,Hourly,2007,2007,USD,US Dollar,0,Units,,,0.4846016,,
MEX,Mexico,EXR,In 2017 constant prices at 2017 USD exchange rates,H,Hourly,2008,2008,USD,US Dollar,0,Units,,,0.479461,,
MEX,Mexico,EXR,In 2017 constant prices at 2017 USD exchange rates,H,Hourly,2009,2009,USD,US Dollar,0,Units,,,0.4763874,,
MEX,Mexico,EXR,In 2017 constant prices at 2017 USD exchange rates,H,Hourly,2010,2010,USD,US Dollar,0,Units,,,0.4795607,,
MEX,Mexico,EXR,In 2017 constant prices at 2017 USD exchange rates,H,Hourly,2011,2011,USD,US Dollar,0,Units,,,0.4828013,,
MEX,Mexico,EXR,In 2017 constant prices at 2017 USD exchange rates,H,Hourly,2012,2012,USD,US Dollar,0,Units,,,0.4835589,,
MEX,Mexico,EXR,In 2017 constant prices at 2017 USD exchange rates,H,Hourly,2013,2013,USD,US Dollar,0,Units,,,0.4856636,,
MEX,Mexico,EXR,In 2017 constant prices at 2017 USD exchange rates,H,Hourly,2014,2014,USD,US Dollar,0,Units,,,0.4850973,,
MEX,Mexico,EXR,In 2017 constant prices at 2017 USD exchange rates,H,Hourly,2015,2015,USD,US Dollar,0,Units,,,0.4949543,,
NLD,Netherlands,EXR,In 2017 constant prices at 2017 USD exchange rates,H,Hourly,2000,2000,USD,US Dollar,0,Units,,,9.6753372,,
NLD,Netherlands,EXR,In 2017 constant prices at 2017 USD exchange rates,H,Hourly,2001,2001,USD,US Dollar,0,Units,,,9.846832,,
NLD,Netherlands,EXR,In 2017 constant prices at 2017 USD exchange rates,H,Hourly,2002,2002,USD,US Dollar,0,Units,,,9.9556192,,
NLD,Netherlands,EXR,In 2017 constant prices at 2017 USD exchange rates,H,Hourly,2003,2003,USD,US Dollar,0,Units,,,10.054778,,
NLD,Netherlands,EXR,In 2017 constant prices at 2017 USD exchange rates,H,Hourly,2004,2004,USD,US Dollar,0,Units,,,9.9909211,,
NLD,Netherlands,EXR,In 2017 constant prices at 2017 USD exchange rates,H,Hourly,2005,2005,USD,US Dollar,0,Units,,,9.8250613,,
NLD,Netherlands,EXR,In 2017 constant prices at 2017 USD exchange rates,H,Hourly,2006,2006,USD,US Dollar,0,Units,,,9.8240487,,
NLD,Netherlands,EXR,In 2017 constant prices at 2017 USD exchange rates,H,Hourly,2007,2007,USD,US Dollar,0,Units,,,9.8971313,,
NLD,Netherlands,EXR,In 2017 constant prices at 2017 USD exchange rates,H,Hourly,2008,2008,USD,US Dollar,0,Units,,,9.9292562,,
NLD,Netherlands,EXR,In 2017 constant prices at 2017 USD exchange rates,H,Hourly,2009,2009,USD,US Dollar,0,Units,,,10.134051,,
NLD,Netherlands,EXR,In 2017 constant prices at 2017 USD exchange rates,H,Hourly,2010,2010,USD,US Dollar,0,Units,,,10.164105,,
NLD,Netherlands,EXR,In 2017 constant prices at 2017 USD exchange rates,H,Hourly,2011,2011,USD,US Dollar,0,Units,,,10.001947,,
NLD,Netherlands,EXR,In 2017 constant prices at 2017 USD exchange rates,H,Hourly,2012,2012,USD,US Dollar,0,Units,,,9.9654675,,
NLD,Netherlands,EXR,In 2017 constant prices at 2017 USD exchange rates,H,Hourly,2013,2013,USD,US Dollar,0,Units,,,9.8423205,,
NLD,Netherlands,EXR,In 2017 constant prices at 2017 USD exchange rates,H,Hourly,2014,2014,USD,US Dollar,0,Units,,,9.8864869,,
NLD,Netherlands,EXR,In 2017 constant prices at 2017 USD exchange rates,H,Hourly,2015,2015,USD,US Dollar,0,Units,,,9.9026676,,
NZL,New Zealand,EXR,In 2017 constant prices at 2017 USD exchange rates,H,Hourly,2000,2000,USD,US Dollar,0,Units,,,7.6070043,,
NZL,New Zealand,EXR,In 2017 constant prices at 2017 USD exchange rates,H,Hourly,2001,2001,USD,US Dollar,0,Units,,,7.6312576,,
NZL,New Zealand,EXR,In 2017 constant prices at 2017 USD exchange rates,H,Hourly,2002,2002,USD,US Dollar,0,Units,,,7.6939205,,
NZL,New Zealand,EXR,In 2017 constant prices at 2017 USD exchange rates,H,Hourly,2003,2003,USD,US Dollar,0,Units,,,7.9898656,,
NZL,New Zealand,EXR,In 2017 constant prices at 2017 USD exchange rates,H,Hourly,2004,2004,USD,US Dollar,0,Units,,,8.267158,,
NZL,New Zealand,EXR,In 2017 constant prices at 2017 USD exchange rates,H,Hourly,2005,2005,USD,US Dollar,0,Units,,,8.4842913,,
NZL,New Zealand,EXR,In 2017 constant prices at 2017 USD exchange rates,H,Hourly,2006,2006,USD,US Dollar,0,Units,,,8.811205,,
NZL,New Zealand,EXR,In 2017 constant prices at 2017 USD exchange rates,H,Hourly,2007,2007,USD,US Dollar,0,Units,,,9.3922294,,
NZL,New Zealand,EXR,In 2017 constant prices at 2017 USD exchange rates,H,Hourly,2008,2008,USD,US Dollar,0,Units,,,9.6998283,,
NZL,New Zealand,EXR,In 2017 constant prices at 2017 USD exchange rates,H,Hourly,2009,2009,USD,US Dollar,0,Units,,,9.9573199,,
NZL,New Zealand,EXR,In 2017 constant prices at 2017 USD exchange rates,H,Hourly,2010,2010,USD,US Dollar,0,Units,,,9.9769824,,
NZL,New Zealand,EXR,In 2017 constant prices at 2017 USD exchange rates,H,Hourly,2011,2011,USD,US Dollar,0,Units,,,9.7796208,,
NZL,New Zealand,EXR,In 2017 constant prices at 2017 USD exchange rates,H,Hourly,2012,2012,USD,US Dollar,0,Units,,,10.006101,,
NZL,New Zealand,EXR,In 2017 constant prices at 2017 USD exchange rates,H,Hourly,2013,2013,USD,US Dollar,0,Units,,,10.123094,,
NZL,New Zealand,EXR,In 2017 constant prices at 2017 USD exchange rates,H,Hourly,2014,2014,USD,US Dollar,0,Units,,,10.270617,,
NZL,New Zealand,EXR,In 2017 constant prices at 2017 USD exchange rates,H,Hourly,2015,2015,USD,US Dollar,0,Units,,,10.655804,,
POL,Poland,EXR,In 2017 constant prices at 2017 USD exchange rates,H,Hourly,2000,2000,USD,US Dollar,0,Units,,,1.4814578,,
POL,Poland,EXR,In 2017 constant prices at 2017 USD exchange rates,H,Hourly,2001,2001,USD,US Dollar,0,Units,,,1.5824287,,
POL,Poland,EXR,In 2017 constant prices at 2017 USD exchange rates,H,Hourly,2002,2002,USD,US Dollar,0,Units,,,1.5528426,,
POL,Poland,EXR,In 2017 constant prices at 2017 USD exchange rates,H,Hourly,2003,2003,USD,US Dollar,0,Units,,,1.6234876,,
POL,Poland,EXR,In 2017 constant prices at 2017 USD exchange rates,H,Hourly,2004,2004,USD,US Dollar,0,Units,,,1.6174786,,
POL,Poland,EXR,In 2017 constant prices at 2017 USD exchange rates,H,Hourly,2005,2005,USD,US Dollar,0,Units,,,1.6309363,,
POL,Poland,EXR,In 2017 constant prices at 2017 USD exchange rates,H,Hourly,2006,2006,USD,US Dollar,0,Units,,,1.7050817,,
POL,Poland,EXR,In 2017 constant prices at 2017 USD exchange rates,H,Hourly,2007,2007,USD,US Dollar,0,Units,,,1.7326559,,
POL,Poland,EXR,In 2017 constant prices at 2017 USD exchange rates,H,Hourly,2008,2008,USD,US Dollar,0,Units,,,2.001028,,
POL,Poland,EXR,In 2017 constant prices at 2017 USD exchange rates,H,Hourly,2009,2009,USD,US Dollar,0,Units,,,2.1846777,,
POL,Poland,EXR,In 2017 constant prices at 2017 USD exchange rates,H,Hourly,2010,2010,USD,US Dollar,0,Units,,,2.1981475,,
POL,Poland,EXR,In 2017 constant prices at 2017 USD exchange rates,H,Hourly,2011,2011,USD,US Dollar,0,Units,,,2.2192303,,
POL,Poland,EXR,In 2017 constant prices at 2017 USD exchange rates,H,Hourly,2012,2012,USD,US Dollar,0,Units,,,2.3191926,,
POL,Poland,EXR,In 2017 constant prices at 2017 USD exchange rates,H,Hourly,2013,2013,USD,US Dollar,0,Units,,,2.4495067,,
POL,Poland,EXR,In 2017 constant prices at 2017 USD exchange rates,H,Hourly,2014,2014,USD,US Dollar,0,Units,,,2.5705985,,
POL,Poland,EXR,In 2017 constant prices at 2017 USD exchange rates,H,Hourly,2015,2015,USD,US Dollar,0,Units,,,2.7013197,,
PRT,Portugal,EXR,In 2017 constant prices at 2017 USD exchange rates,H,Hourly,2000,2000,USD,US Dollar,0,Units,,,3.3461071,,
PRT,Portugal,EXR,In 2017 constant prices at 2017 USD exchange rates,H,Hourly,2001,2001,USD,US Dollar,0,Units,,,3.3667959,,
PRT,Portugal,EXR,In 2017 constant prices at 2017 USD exchange rates,H,Hourly,2002,2002,USD,US Dollar,0,Units,,,3.3841548,,
PRT,Portugal,EXR,In 2017 constant prices at 2017 USD exchange rates,H,Hourly,2003,2003,USD,US Dollar,0,Units,,,3.35953,,
PRT,Portugal,EXR,In 2017 constant prices at 2017 USD exchange rates,H,Hourly,2004,2004,USD,US Dollar,0,Units,,,3.3601562,,
PRT,Portugal,EXR,In 2017 constant prices at 2017 USD exchange rates,H,Hourly,2005,2005,USD,US Dollar,0,Units,,,3.371729,,
PRT,Portugal,EXR,In 2017 constant prices at 2017 USD exchange rates,H,Hourly,2006,2006,USD,US Dollar,0,Units,,,3.36608,,
PRT,Portugal,EXR,In 2017 constant prices at 2017 USD exchange rates,H,Hourly,2007,2007,USD,US Dollar,0,Units,,,3.43287,,
PRT,Portugal,EXR,In 2017 constant prices at 2017 USD exchange rates,H,Hourly,2008,2008,USD,US Dollar,0,Units,,,3.5372042,,
PRT,Portugal,EXR,In 2017 constant prices at 2017 USD exchange rates,H,Hourly,2009,2009,USD,US Dollar,0,Units,,,3.7679658,,
PRT,Portugal,EXR,In 2017 constant prices at 2017 USD exchange rates,H,Hourly,2010,2010,USD,US Dollar,0,Units,,,3.9223079,,
PRT,Portugal,EXR,In 2017 constant prices at 2017 USD exchange rates,H,Hourly,2011,2011,USD,US Dollar,0,Units,,,3.863694,,
PRT,Portugal,EXR,In 2017 constant prices at 2017 USD exchange rates,H,Hourly,2012,2012,USD,US Dollar,0,Units,,,3.7594322,,
PRT,Portugal,EXR,In 2017 constant prices at 2017 USD exchange rates,H,Hourly,2013,2013,USD,US Dollar,0,Units,,,3.7491439,,
PRT,Portugal,EXR,In 2017 constant prices at 2017 USD exchange rates,H,Hourly,2014,2014,USD,US Dollar,0,Units,,,3.7596014,,
PRT,Portugal,EXR,In 2017 constant prices at 2017 USD exchange rates,H,Hourly,2015,2015,USD,US Dollar,0,Units,,,3.8956732,,
RUS,Russia,EXR,In 2017 constant prices at 2017 USD exchange rates,H,Hourly,2000,2000,USD,US Dollar,0,Units,,,0.0711681,,
RUS,Russia,EXR,In 2017 constant prices at 2017 USD exchange rates,H,Hourly,2001,2001,USD,US Dollar,0,Units,,,0.1109578,,
RUS,Russia,EXR,In 2017 constant prices at 2017 USD exchange rates,H,Hourly,2002,2002,USD,US Dollar,0,Units,,,0.1533245,,
RUS,Russia,EXR,In 2017 constant prices at 2017 USD exchange rates,H,Hourly,2003,2003,USD,US Dollar,0,Units,,,0.1644015,,
RUS,Russia,EXR,In 2017 constant prices at 2017 USD exchange rates,H,Hourly,2004,2004,USD,US Dollar,0,Units,,,0.1824717,,
RUS,Russia,EXR,In 2017 constant prices at 2017 USD exchange rates,H,Hourly,2005,2005,USD,US Dollar,0,Units,,,0.1997141,,
RUS,Russia,EXR,In 2017 constant prices at 2017 USD exchange rates,H,Hourly,2006,2006,USD,US Dollar,0,Units,,,0.2706993,,
RUS,Russia,EXR,In 2017 constant prices at 2017 USD exchange rates,H,Hourly,2007,2007,USD,US Dollar,0,Units,,,0.5192384,,
RUS,Russia,EXR,In 2017 constant prices at 2017 USD exchange rates,H,Hourly,2008,2008,USD,US Dollar,0,Units,,,0.4550302,,
RUS,Russia,EXR,In 2017 constant prices at 2017 USD exchange rates,H,Hourly,2009,2009,USD,US Dollar,0,Units,,,0.7672765,,
RUS,Russia,EXR,In 2017 constant prices at 2017 USD exchange rates,H,Hourly,2010,2010,USD,US Dollar,0,Units,,,0.7180916,,
RUS,Russia,EXR,In 2017 constant prices at 2017 USD exchange rates,H,Hourly,2011,2011,USD,US Dollar,0,Units,,,0.6872677,,
RUS,Russia,EXR,In 2017 constant prices at 2017 USD exchange rates,H,Hourly,2012,2012,USD,US Dollar,0,Units,,,0.6711157,,
RUS,Russia,EXR,In 2017 constant prices at 2017 USD exchange rates,H,Hourly,2013,2013,USD,US Dollar,0,Units,,,0.7096368,,
RUS,Russia,EXR,In 2017 constant prices at 2017 USD exchange rates,H,Hourly,2014,2014,USD,US Dollar,0,Units,,,0.7022977,,
RUS,Russia,EXR,In 2017 constant prices at 2017 USD exchange rates,H,Hourly,2015,2015,USD,US Dollar,0,Units,,,0.6527422,,
SVK,Slovak Republic,EXR,In 2017 constant prices at 2017 USD exchange rates,H,Hourly,2000,2000,USD,US Dollar,0,Units,,,0.8327727,,
SVK,Slovak Republic,EXR,In 2017 constant prices at 2017 USD exchange rates,H,Hourly,2001,2001,USD,US Dollar,0,Units,,,0.9195433,,
SVK,Slovak Republic,EXR,In 2017 constant prices at 2017 USD exchange rates,H,Hourly,2002,2002,USD,US Dollar,0,Units,,,1.0322324,,
SVK,Slovak Republic,EXR,In 2017 constant prices at 2017 USD exchange rates,H,Hourly,2003,2003,USD,US Dollar,0,Units,,,1.2271846,,
SVK,Slovak Republic,EXR,In 2017 constant prices at 2017 USD exchange rates,H,Hourly,2004,2004,USD,US Dollar,0,Units,,,1.3319855,,
SVK,Slovak Republic,EXR,In 2017 constant prices at 2017 USD exchange rates,H,Hourly,2005,2005,USD,US Dollar,0,Units,,,1.4210099,,
SVK,Slovak Republic,EXR,In 2017 constant prices at 2017 USD exchange rates,H,Hourly,2006,2006,USD,US Dollar,0,Units,,,1.5246839,,
SVK,Slovak Republic,EXR,In 2017 constant prices at 2017 USD exchange rates,H,Hourly,2007,2007,USD,US Dollar,0,Units,,,1.6632916,,
SVK,Slovak Republic,EXR,In 2017 constant prices at 2017 USD exchange rates,H,Hourly,2008,2008,USD,US Dollar,0,Units,,,1.7410471,,
SVK,Slovak Republic,EXR,In 2017 constant prices at 2017 USD exchange rates,H,Hourly,2009,2009,USD,US Dollar,0,Units,,,1.9134615,,
SVK,Slovak Republic,EXR,In 2017 constant prices at 2017 USD exchange rates,H,Hourly,2010,2010,USD,US Dollar,0,Units,,,1.9923439,,
SVK,Slovak Republic,EXR,In 2017 constant prices at 2017 USD exchange rates,H,Hourly,2011,2011,USD,US Dollar,0,Units,,,2.053196,,
SVK,Slovak Republic,EXR,In 2017 constant prices at 2017 USD exchange rates,H,Hourly,2012,2012,USD,US Dollar,0,Units,,,2.1185557,,
SVK,Slovak Republic,EXR,In 2017 constant prices at 2017 USD exchange rates,H,Hourly,2013,2013,USD,US Dollar,0,Units,,,2.1185557,,
SVK,Slovak Republic,EXR,In 2017 constant prices at 2017 USD exchange rates,H,Hourly,2014,2014,USD,US Dollar,0,Units,,,2.1185557,,
SVK,Slovak Republic,EXR,In 2017 constant prices at 2017 USD exchange rates,H,Hourly,2015,2015,USD,US Dollar,0,Units,,,2.1185557,,
SVN,Slovenia,EXR,In 2017 constant prices at 2017 USD exchange rates,H,Hourly,2000,2000,USD,US Dollar,0,Units,,,3.3718896,,
SVN,Slovenia,EXR,In 2017 constant prices at 2017 USD exchange rates,H,Hourly,2001,2001,USD,US Dollar,0,Units,,,3.5321162,,
SVN,Slovenia,EXR,In 2017 constant prices at 2017 USD exchange rates,H,Hourly,2002,2002,USD,US Dollar,0,Units,,,3.6641911,,
SVN,Slovenia,EXR,In 2017 constant prices at 2017 USD exchange rates,H,Hourly,2003,2003,USD,US Dollar,0,Units,,,3.7845759,,
SVN,Slovenia,EXR,In 2017 constant prices at 2017 USD exchange rates,H,Hourly,2004,2004,USD,US Dollar,0,Units,,,3.9087058,,
SVN,Slovenia,EXR,In 2017 constant prices at 2017 USD exchange rates,H,Hourly,2005,2005,USD,US Dollar,0,Units,,,4.003822,,
SVN,Slovenia,EXR,In 2017 constant prices at 2017 USD exchange rates,H,Hourly,2006,2006,USD,US Dollar,0,Units,,,4.0382685,,
SVN,Slovenia,EXR,In 2017 constant prices at 2017 USD exchange rates,H,Hourly,2007,2007,USD,US Dollar,0,Units,,,3.993428,,
SVN,Slovenia,EXR,In 2017 constant prices at 2017 USD exchange rates,H,Hourly,2008,2008,USD,US Dollar,0,Units,,,4.0839041,,
SVN,Slovenia,EXR,In 2017 constant prices at 2017 USD exchange rates,H,Hourly,2009,2009,USD,US Dollar,0,Units,,,4.2009775,,
SVN,Slovenia,EXR,In 2017 constant prices at 2017 USD exchange rates,H,Hourly,2010,2010,USD,US Dollar,0,Units,,,4.9534835,,
SVN,Slovenia,EXR,In 2017 constant prices at 2017 USD exchange rates,H,Hourly,2011,2011,USD,US Dollar,0,Units,,,5.1011967,,
SVN,Slovenia,EXR,In 2017 constant prices at 2017 USD exchange rates,H,Hourly,2012,2012,USD,US Dollar,0,Units,,,5.0870562,,
SVN,Slovenia,EXR,In 2017 constant prices at 2017 USD exchange rates,H,Hourly,2013,2013,USD,US Dollar,0,Units,,,5.133768,,
SVN,Slovenia,EXR,In 2017 constant prices at 2017 USD exchange rates,H,Hourly,2014,2014,USD,US Dollar,0,Units,,,5.1564406,,
SVN,Slovenia,EXR,In 2017 constant prices at 2017 USD exchange rates,H,Hourly,2015,2015,USD,US Dollar,0,Units,,,5.1970915,,
KOR,South Korea,EXR,In 2017 constant prices at 2017 USD exchange rates,H,Hourly,2000,2000,USD,US Dollar,0,Units,,,2.3088778,,
KOR,South Korea,EXR,In 2017 constant prices at 2017 USD exchange rates,H,Hourly,2001,2001,USD,US Dollar,0,Units,,,2.5538224,,
KOR,South Korea,EXR,In 2017 constant prices at 2017 USD exchange rates,H,Hourly,2002,2002,USD,US Dollar,0,Units,,,2.7601623,,
KOR,South Korea,EXR,In 2017 constant prices at 2017 USD exchange rates,H,Hourly,2003,2003,USD,US Dollar,0,Units,,,2.9073836,,
KOR,South Korea,EXR,In 2017 constant prices at 2017 USD exchange rates,H,Hourly,2004,2004,USD,US Dollar,0,Units,,,3.1250818,,
KOR,South Korea,EXR,In 2017 constant prices at 2017 USD exchange rates,H,Hourly,2005,2005,USD,US Dollar,0,Units,,,3.3976896,,
KOR,South Korea,EXR,In 2017 constant prices at 2017 USD exchange rates,H,Hourly,2006,2006,USD,US Dollar,0,Units,,,3.5196055,,
KOR,South Korea,EXR,In 2017 constant prices at 2017 USD exchange rates,H,Hourly,2007,2007,USD,US Dollar,0,Units,,,3.8533641,,
KOR,South Korea,EXR,In 2017 constant prices at 2017 USD exchange rates,H,Hourly,2008,2008,USD,US Dollar,0,Units,,,3.9880829,,
KOR,South Korea,EXR,In 2017 constant prices at 2017 USD exchange rates,H,Hourly,2009,2009,USD,US Dollar,0,Units,,,4.1178709,,
KOR,South Korea,EXR,In 2017 constant prices at 2017 USD exchange rates,H,Hourly,2010,2010,USD,US Dollar,0,Units,,,4.1103031,,
KOR,South Korea,EXR,In 2017 constant prices at 2017 USD exchange rates,H,Hourly,2011,2011,USD,US Dollar,0,Units,,,4.1531204,,
KOR,South Korea,EXR,In 2017 constant prices at 2017 USD exchange rates,H,Hourly,2012,2012,USD,US Dollar,0,Units,,,4.308833,,
KOR,South Korea,EXR,In 2017 constant prices at 2017 USD exchange rates,H,Hourly,2013,2013,USD,US Dollar,0,Units,,,4.5135172,,
KOR,South Korea,EXR,In 2017 constant prices at 2017 USD exchange rates,H,Hourly,2014,2014,USD,US Dollar,0,Units,,,4.7776632,,
KOR,South Korea,EXR,In 2017 constant prices at 2017 USD exchange rates,H,Hourly,2015,2015,USD,US Dollar,0,Units,,,5.0810768,,
ESP,Spain,EXR,In 2017 constant prices at 2017 USD exchange rates,H,Hourly,2000,2000,USD,US Dollar,0,Units,,,4.5865062,,
ESP,Spain,EXR,In 2017 constant prices at 2017 USD exchange rates,H,Hourly,2001,2001,USD,US Dollar,0,Units,,,4.5177055,,
ESP,Spain,EXR,In 2017 constant prices at 2017 USD exchange rates,H,Hourly,2002,2002,USD,US Dollar,0,Units,,,4.4718234,,
ESP,Spain,EXR,In 2017 constant prices at 2017 USD exchange rates,H,Hourly,2003,2003,USD,US Dollar,0,Units,,,4.4282525,,
ESP,Spain,EXR,In 2017 constant prices at 2017 USD exchange rates,H,Hourly,2004,2004,USD,US Dollar,0,Units,,,4.3862203,,
ESP,Spain,EXR,In 2017 constant prices at 2017 USD exchange rates,H,Hourly,2005,2005,USD,US Dollar,0,Units,,,4.6247683,,
ESP,Spain,EXR,In 2017 constant prices at 2017 USD exchange rates,H,Hourly,2006,2006,USD,US Dollar,0,Units,,,4.8148737,,
ESP,Spain,EXR,In 2017 constant prices at 2017 USD exchange rates,H,Hourly,2007,2007,USD,US Dollar,0,Units,,,4.9415292,,
ESP,Spain,EXR,In 2017 constant prices at 2017 USD exchange rates,H,Hourly,2008,2008,USD,US Dollar,0,Units,,,4.9926564,,
ESP,Spain,EXR,In 2017 constant prices at 2017 USD exchange rates,H,Hourly,2009,2009,USD,US Dollar,0,Units,,,5.2073597,,
ESP,Spain,EXR,In 2017 constant prices at 2017 USD exchange rates,H,Hourly,2010,2010,USD,US Dollar,0,Units,,,5.191528,,
ESP,Spain,EXR,In 2017 constant prices at 2017 USD exchange rates,H,Hourly,2011,2011,USD,US Dollar,0,Units,,,5.0950821,,
ESP,Spain,EXR,In 2017 constant prices at 2017 USD exchange rates,H,Hourly,2012,2012,USD,US Dollar,0,Units,,,4.973432,,
ESP,Spain,EXR,In 2017 constant prices at 2017 USD exchange rates,H,Hourly,2013,2013,USD,US Dollar,0,Units,,,4.9341726,,
ESP,Spain,EXR,In 2017 constant prices at 2017 USD exchange rates,H,Hourly,2014,2014,USD,US Dollar,0,Units,,,4.941628,,
ESP,Spain,EXR,In 2017 constant prices at 2017 USD exchange rates,H,Hourly,2015,2015,USD,US Dollar,0,Units,,,4.9918814,,
TUR,Turkey,EXR,In 2017 constant prices at 2017 USD exchange rates,H,Hourly,2000,2000,USD,US Dollar,0,Units,,,1.5314549,,
TUR,Turkey,EXR,In 2017 constant prices at 2017 USD exchange rates,H,Hourly,2001,2001,USD,US Dollar,0,Units,,,1.3207248,,
TUR,Turkey,EXR,In 2017 constant prices at 2017 USD exchange rates,H,Hourly,2002,2002,USD,US Dollar,0,Units,,,1.4153592,,
TUR,Turkey,EXR,In 2017 constant prices at 2017 USD exchange rates,H,Hourly,2003,2003,USD,US Dollar,0,Units,,,1.50636,,
TUR,Turkey,EXR,In 2017 constant prices at 2017 USD exchange rates,H,Hourly,2004,2004,USD,US Dollar,0,Units,,,1.9653899,,
TUR,Turkey,EXR,In 2017 constant prices at 2017 USD exchange rates,H,Hourly,2005,2005,USD,US Dollar,0,Units,,,2.0477796,,
TUR,Turkey,EXR,In 2017 constant prices at 2017 USD exchange rates,H,Hourly,2006,2006,USD,US Dollar,0,Units,,,2.0301858,,
TUR,Turkey,EXR,In 2017 constant prices at 2017 USD exchange rates,H,Hourly,2007,2007,USD,US Dollar,0,Units,,,2.0170191,,
TUR,Turkey,EXR,In 2017 constant prices at 2017 USD exchange rates,H,Hourly,2008,2008,USD,US Dollar,0,Units,,,1.9847964,,
TUR,Turkey,EXR,In 2017 constant prices at 2017 USD exchange rates,H,Hourly,2009,2009,USD,US Dollar,0,Units,,,2.0356411,,
TUR,Turkey,EXR,In 2017 constant prices at 2017 USD exchange rates,H,Hourly,2010,2010,USD,US Dollar,0,Units,,,2.0550701,,
TUR,Turkey,EXR,In 2017 constant prices at 2017 USD exchange rates,H,Hourly,2011,2011,USD,US Dollar,0,Units,,,2.1167538,,
TUR,Turkey,EXR,In 2017 constant prices at 2017 USD exchange rates,H,Hourly,2012,2012,USD,US Dollar,0,Units,,,2.17418,,
TUR,Turkey,EXR,In 2017 constant prices at 2017 USD exchange rates,H,Hourly,2013,2013,USD,US Dollar,0,Units,,,2.2142575,,
TUR,Turkey,EXR,In 2017 constant prices at 2017 USD exchange rates,H,Hourly,2014,2014,USD,US Dollar,0,Units,,,2.2425303,,
TUR,Turkey,EXR,In 2017 constant prices at 2017 USD exchange rates,H,Hourly,2015,2015,USD,US Dollar,0,Units,,,2.4058055,,
USA,United States,EXR,In 2017 constant prices at 2017 USD exchange rates,H,Hourly,2000,2000,USD,US Dollar,0,Units,,,7.3308121,,
USA,United States,EXR,In 2017 constant prices at 2017 USD exchange rates,H,Hourly,2001,2001,USD,US Dollar,0,Units,,,7.1293252,,
USA,United States,EXR,In 2017 constant prices at 2017 USD exchange rates,H,Hourly,2002,2002,USD,US Dollar,0,Units,,,7.0180172,,
USA,United States,EXR,In 2017 constant prices at 2017 USD exchange rates,H,Hourly,2003,2003,USD,US Dollar,0,Units,,,6.8622379,,
USA,United States,EXR,In 2017 constant prices at 2017 USD exchange rates,H,Hourly,2004,2004,USD,US Dollar,0,Units,,,6.6833099,,
USA,United States,EXR,In 2017 constant prices at 2017 USD exchange rates,H,Hourly,2005,2005,USD,US Dollar,0,Units,,,6.4640026,,
USA,United States,EXR,In 2017 constant prices at 2017 USD exchange rates,H,Hourly,2006,2006,USD,US Dollar,0,Units,,,6.2619942,,
USA,United States,EXR,In 2017 constant prices at 2017 USD exchange rates,H,Hourly,2007,2007,USD,US Dollar,0,Units,,,6.4547956,,
USA,United States,EXR,In 2017 constant prices at 2017 USD exchange rates,H,Hourly,2008,2008,USD,US Dollar,0,Units,,,7.0130938,,
USA,United States,EXR,In 2017 constant prices at 2017 USD exchange rates,H,Hourly,2009,2009,USD,US Dollar,0,Units,,,7.8379036,,
USA,United States,EXR,In 2017 constant prices at 2017 USD exchange rates,H,Hourly,2010,2010,USD,US Dollar,0,Units,,,8.1498379,,
USA,United States,EXR,In 2017 constant prices at 2017 USD exchange rates,H,Hourly,2011,2011,USD,US Dollar,0,Units,,,7.9004337,,
USA,United States,EXR,In 2017 constant prices at 2017 USD exchange rates,H,Hourly,2012,2012,USD,US Dollar,0,Units,,,7.7402616,,
USA,United States,EXR,In 2017 constant prices at 2017 USD exchange rates,H,Hourly,2013,2013,USD,US Dollar,0,Units,,,7.6285166,,
USA,United States,EXR,In 2017 constant prices at 2017 USD exchange rates,H,Hourly,2014,2014,USD,US Dollar,0,Units,,,7.5067405,,
USA,United States,EXR,In 2017 constant prices at 2017 USD exchange rates,H,Hourly,2015,2015,USD,US Dollar,0,Units,,,7.497846,,
